budget,studio,sound,aspect,color,aspect_ratio
"[u'\nBudget:        $250,000        \n\n      (estimated)\n']",[u'Charles Chaplin Productions'],"[u'Mono', u'Silent']",,[u' Black and White'],[u'\nAspect Ratio: 1.33 : 1\n    ']
"[u'\nBudget:        $923,000        \n\n      (estimated)\n']",[u'Charles Chaplin Productions'],"[u'Mono', u'Silent']",,[u' Black and White'],[u'\nAspect Ratio: 1.33 : 1\n    ']
"[u'\nBudget:        DEM\xa06,000,000        \n\n      (estimated)\n']",[u'Universum Film (UFA)'],"[u'Dolby Digital', u'Silent']",,[u' Black and White'],[u'\nAspect Ratio: 1.33 : 1\n    ']
"[u'\nBudget:        $750,000        \n\n      (estimated)\n']","[u'Buster Keaton Productions', u'Joseph M. Schenck Productions']",[u'Silent'],,[u' Black and White'],[u'\nAspect Ratio: 1.33 : 1\n    ']
[],[u'Fox Film Corporation'],"[u'Mono', u'Silent']",,[u' Black and White'],[u'\nAspect Ratio: 1.33 : 1\n    ']
[],[u'Soci\xe9t\xe9 g\xe9n\xe9rale des films'],[u'Silent'],,[u' Black and White'],[u'\nAspect Ratio: 1.33 : 1\n    ']
"[u'\nBudget:        $1,500,000        \n\n      (estimated)\n']",[u'Charles Chaplin Productions'],"[u'Silent', u'Mono']",,[u' Black and White'],[u'\nAspect Ratio: 1.20 : 1\n    ']
[],[u'Nero-Film AG'],[u'Mono'],,[u' Black and White'],[u'\nAspect Ratio: 1.19 : 1\n    ']
"[u'\nBudget:        $325,000        \n\n      (estimated)\n']",[u'Columbia Pictures Corporation'],[u'Mono'],,[u' Black and White'],[u'\nAspect Ratio: 1.37 : 1\n    ']
"[u'\nBudget:        $1,500,000        \n\n      (estimated)\n']",[u'Charles Chaplin Productions'],[u'Mono'],,[u' Black and White'],[u'\nAspect Ratio: 1.37 : 1\n    ']
"[u'\nBudget:        $3,977,000        \n\n      (estimated)\n']","[u'Selznick International Pictures', u'Metro-Goldwyn-Mayer (MGM)']",[u'Mono'],,[u'Color'],[u'\nAspect Ratio: 1.37 : 1\n    ']
"[u'\nBudget:        $1,500,000        \n\n      (estimated)\n']",[u'Columbia Pictures Corporation'],[u'Mono'],,[u' Black and White'],[u'\nAspect Ratio: 1.37 : 1\n    ']
"[u'\nBudget:        $2,800,000        \n\n      (estimated)\n']",[u'Metro-Goldwyn-Mayer (MGM)'],"[u'Mono', u'Dolby Digital']",,"[u' Black and White', u' Black and White', u' Black and White', u'Color']",[u'\nAspect Ratio: 1.37 : 1\n    ']
"[u'\nBudget:        $800,000        \n\n      (estimated)\n']",[u'Twentieth Century Fox Film Corporation'],[u'Mono'],,[u' Black and White'],[u'\nAspect Ratio: 1.37 : 1\n    ']
"[u'\nBudget:        $2,000,000        \n\n      (estimated)\n']",[u'Charles Chaplin Productions'],[u'Mono'],,[u' Black and White'],[u'\nAspect Ratio: 1.37 : 1\n    ']
"[u'\nBudget:        $1,288,000        \n\n      (estimated)\n']",[u'Selznick International Pictures'],[u'Mono'],,[u' Black and White'],[u'\nAspect Ratio: 1.37 : 1\n    ']
"[u'\nBudget:        $839,727        \n\n      (estimated)\n']","[u'RKO Radio Pictures', u'Mercury Productions']",[u'Mono'],,[u' Black and White'],[u'\nAspect Ratio: 1.37 : 1\n    ']
"[u'\nBudget:        $375,000        \n\n      (estimated)\n']",[u'Warner Bros.'],[u'Mono'],,[u' Black and White'],[u'\nAspect Ratio: 1.37 : 1\n    ']
"[u'\nBudget:        $950,000        \n\n      (estimated)\n']",[u'Warner Bros.'],[u'Mono'],,"[u'Color', u' Black and White']",[u'\nAspect Ratio: 1.37 : 1\n    ']
"[u'\nBudget:        $927,262        \n\n      (estimated)\n']",[u'Paramount Pictures'],[u'Mono'],,[u' Black and White'],[u'\nAspect Ratio: 1.37 : 1\n    ']
"[u'\nBudget:        $2,100,000        \n\n      (estimated)\n']","[u'Samuel Goldwyn Company, The']",[u'Mono'],,[u' Black and White'],[u'\nAspect Ratio: 1.37 : 1\n    ']
"[u'\nBudget:        $3,180,000        \n\n      (estimated)\n']",[u'Liberty Films (II)'],[u'Mono'],,"[u'Color', u' Black and White']",[u'\nAspect Ratio: 1.37 : 1\n    ']
"[u'\nBudget:        $133,000        \n\n      (estimated)\n']","[u'Produzioni De Sica (PDS)', u'Produzioni De Sica']",[u'Mono'],,[u' Black and White'],[u'\nAspect Ratio: 1.37 : 1\n    ']
"[u'\nBudget:        $3,000,000        \n\n      (estimated)\n']",[u'Warner Bros.'],[u'Mono'],,[u' Black and White'],[u'\nAspect Ratio: 1.37 : 1\n    ']
[],[u'London Film Productions'],[u'Mono'],,[u' Black and White'],[u'\nAspect Ratio: 1.37 : 1\n    ']
"[u'\nBudget:        $1,400,000        \n\n      (estimated)\n']",[u'Twentieth Century Fox Film Corporation'],[u'Mono'],,[u' Black and White'],[u'\nAspect Ratio: 1.37 : 1\n    ']
"[u'\nBudget:        $250,000        \n\n      (estimated)\n']",[u'Daiei Motion Picture Company'],[u'Mono'],,[u' Black and White'],[u'\nAspect Ratio: 1.37 : 1\n    ']
"[u'\nBudget:        $1,752,000        \n\n      (estimated)\n']",[u'Paramount Pictures'],[u'Mono'],,[u' Black and White'],[u'\nAspect Ratio: 1.37 : 1\n    ']
"[u'\nBudget:        $1,200,000        \n\n      (estimated)\n']",[u'Warner Bros.'],[u'Mono'],,[u' Black and White'],[u'\nAspect Ratio: 1.37 : 1\n    ']
[],[u'Toho Company'],[u'Mono'],,[u' Black and White'],[u'\nAspect Ratio: 1.37 : 1\n    ']
"[u'\nBudget:        $2,540,800        \n\n      (estimated)\n']","[u'Metro-Goldwyn-Mayer (MGM)', u""Loew's""]",[u'Mono'],,"[u'Color', u' Black and White']",[u'\nAspect Ratio: 1.33 : 1\n    ']
[],"[u'Compagnie Industrielle et Commerciale Cin\xe9matographique (CICC)', u'Filmsonor', u'Vera Films']",[u'Mono'],,[u' Black and White'],[u'\nAspect Ratio: 1.37 : 1\n    ']
[],[u'Sh\xf4chiku Eiga'],[u'Mono'],,[u' Black and White'],[u'\nAspect Ratio: 1.37 : 1\n    ']
[],"[u'Filmsonor', u'Vera Films']",[u'Mono'],,[u' Black and White'],[u'\nAspect Ratio: 1.37 : 1\n    ']
"[u'\nBudget:        $1,400,000        \n\n      (estimated)\n']",[u'Warner Bros.'],[u'Mono'],,[u'Color'],[u'\nAspect Ratio: 1.85 : 1\n    ']
"[u'\nBudget:        $910,000        \n\n      (estimated)\n']","[u'Columbia Pictures Corporation', u'Horizon Pictures']",[u'Mono'],,[u' Black and White'],[u'\nAspect Ratio: 1.85 : 1\n    ']
"[u'\nBudget:        $1,000,000        \n\n      (estimated)\n']","[u'Paramount Pictures', u'Patron Inc.']",[u'Mono'],,"[u'Color', u'Color']",[u'\nAspect Ratio: 1.66 : 1\n    ']
"[u'\nBudget:        $2,000,000        \n\n      (estimated)\n']",[u'Toho Company'],"[u'Mono', u'Stereo']",,[u' Black and White'],[u'\nAspect Ratio: 1.37 : 1\n    ']
"[u'\nBudget:        $350,000        \n\n      (estimated)\n']",[u'Orion-Nova Productions'],[u'Mono'],,[u' Black and White'],[u'\nAspect Ratio: 1.66 : 1\n    ']
"[u'\nBudget:        $3,000,000        \n\n      (estimated)\n']","[u'Columbia Pictures Corporation', u'Horizon Pictures (II)']","[u'70 mm 6-Track', u'Mono', u'4-Track Stereo']",,[u'Color'],[u'\nAspect Ratio: 2.35 : 1\n    ']
[],"[u'Dino de Laurentiis Cinematografica', u'Les Films Marceau']",[u'Mono'],,[u' Black and White'],[u'\nAspect Ratio: 1.33 : 1\n    ']
"[u'\nBudget:        $935,000        \n\n      (estimated)\n']",[u'Bryna Productions'],[u'Mono'],,[u' Black and White'],[u'\nAspect Ratio: 1.66 : 1\n    ']
"[u'\nBudget:        $150,000        \n\n      (estimated)\n']",[u'Svensk Filmindustri (SF)'],[u'Mono'],,[u' Black and White'],[u'\nAspect Ratio: 1.37 : 1\n    ']
[],[u'Svensk Filmindustri (SF)'],[u'Mono'],,[u' Black and White'],[u'\nAspect Ratio: 1.37 : 1\n    ']
"[u'\nBudget:        $3,000,000        \n\n      (estimated)\n']","[u'Edward Small Productions', u'Metro-Goldwyn-Mayer (MGM)']",[u'Mono'],,[u' Black and White'],[u'\nAspect Ratio: 1.66 : 1\n    ']
"[u'\nBudget:        $829,000        \n\n      (estimated)\n']",[u'Universal International Pictures (UI)'],[u'Mono'],,[u' Black and White'],[u'\nAspect Ratio: 1.37 : 1\n    ']
"[u'\nBudget:        $2,479,000        \n\n      (estimated)\n']",[u'Alfred J. Hitchcock Productions'],"[u'Mono', u'DTS']",,[u'Color'],[u'\nAspect Ratio: 1.50 : 1\n    ']
"[u'\nBudget:        $15,900,000        \n\n      (estimated)\n']",[u'Metro-Goldwyn-Mayer (MGM)'],[u'6-Track Stereo'],,[u'Color'],[u'\nAspect Ratio: 2.66 : 1\n    ']
"[u'\nBudget:        $3,101,000        \n\n      (estimated)\n']",[u'Metro-Goldwyn-Mayer (MGM)'],"[u'Mono', u'Dolby SR', u'Dolby Digital']",,[u'Color'],[u'\nAspect Ratio: 1.75 : 1\n    ']
[],"[u'Les Films du Carrosse', u'S\xe9dif Productions']",[u'Mono'],,[u' Black and White'],[u'\nAspect Ratio: 2.35 : 1\n    ']
"[u'\nBudget:        $2,883,848        \n\n      (estimated)\n']","[u'Ashton Productions', u'Mirisch Corporation, The']",[u'Mono'],,[u' Black and White'],[u'\nAspect Ratio: 1.66 : 1\n    ']
"[u'\nBudget:        $3,000,000        \n\n      (estimated)\n']","[u'Mirisch Corporation, The']",[u'Mono'],,[u' Black and White'],[u'\nAspect Ratio: 2.35 : 1\n    ']
"[u'\nBudget:        $806,947        \n\n      (estimated)\n']",[u'Shamley Productions'],[u'Mono'],,[u' Black and White'],[u'\nAspect Ratio: 1.85 : 1\n    ']
"[u'\nBudget:        $3,000,000        \n\n      (estimated)\n']",[u'Roxlom Films Inc.'],"[u'Mono', u'Mono']",,[u' Black and White'],[u'\nAspect Ratio: 1.75 : 1\n    ']
[],"[u'Kurosawa Production Co.', u'Toho Company']",[u'Perspecta Stereo'],,[u' Black and White'],[u'\nAspect Ratio: 2.35 : 1\n    ']
"[u'\nBudget:        $15,000,000        \n\n      (estimated)\n']",[u'Horizon Pictures (II)'],"[u'70 mm 6-Track', u'Mono', u'4-Track Stereo']",,[u'Color'],[u'\nAspect Ratio: 2.20 : 1\n    ']
"[u'\nBudget:        $2,000,000        \n\n      (estimated)\n']","[u'Universal International Pictures (UI)', u'Pakula-Mulligan', u'Brentwood Productions']",[u'Mono'],,[u' Black and White'],[u'\nAspect Ratio: 1.85 : 1\n    ']
"[u'\nBudget:        $980,000        \n\n      (estimated)\n']","[u'Seven Arts Pictures', u'Associates & Aldrich Company, The', u'Warner Bros.']",[u'Mono'],,[u' Black and White'],[u'\nAspect Ratio: 1.85 : 1\n    ']
[],"[u'Cineriz', u'Francinex']",[u'Mono'],,[u' Black and White'],[u'\nAspect Ratio: 1.85 : 1\n    ']
"[u'\nBudget:        $1,800,000        \n\n      (estimated)\n']","[u'Columbia Pictures Corporation', u'Hawk Films']",[u'Mono'],,[u' Black and White'],[u'\nAspect Ratio: 1.66 : 1\n    ']
"[u'\nBudget:        $4,000,000        \n\n      (estimated)\n']","[u'Mirisch Company, The', u'Alpha']","[u'4-Track Stereo', u'Mono']",,[u'Color'],[u'\nAspect Ratio: 2.35 : 1\n    ']
"[u'\nBudget:        $800,000        \n\n      (estimated)\n']","[u'Igor Film', u'Casbah Film']",[u'Mono'],,[u' Black and White'],[u'\nAspect Ratio: 1.85 : 1\n    ']
"[u'\nBudget:        $600,000        \n\n      (estimated)\n']","[u'Produzioni Europee Associati (PEA)', u'Arturo Gonz\xe1lez Producciones Cinematogr\xe1ficas', u'Constantin Film Produktion']",[u'Mono'],,[u'Color'],[u'\nAspect Ratio: 2.35 : 1\n    ']
"[u'\nBudget:        RUR\xa01,000,000        \n\n      (estimated)\n']","[u'Mosfilm', u'Tvorcheskoe Obedinienie Pisateley i Kinorabotnikov']",[u'Mono'],,"[u'Color', u' Black and White']",[u'\nAspect Ratio: 2.35 : 1\n    ']
"[u'\nBudget:        $1,200,000        \n\n      (estimated)\n']","[u'Produzioni Europee Associati (PEA)', u'Arturo Gonz\xe1lez Producciones Cinematogr\xe1ficas, S.A', u'Constantin Film Produktion']",[u'Mono'],,[u'Color'],[u'\nAspect Ratio: 2.35 : 1\n    ']
[],[u'Svensk Filmindustri (SF)'],[u'AGA Sound System'],,[u' Black and White'],[u'\nAspect Ratio: 1.37 : 1\n    ']
"[u'\nBudget:        $3,200,000        \n\n      (estimated)\n']",[u'Jalem Productions'],[u'Mono'],,[u'Color'],[u'\nAspect Ratio: 2.35 : 1\n    ']
"[u'\nBudget:        $12,000,000        \n\n      (estimated)\n']","[u'Metro-Goldwyn-Mayer (MGM)', u'Stanley Kubrick Productions']","[u'4-Track Stereo', u'70 mm 6-Track', u'DTS 70 mm']",,"[u'Color', u'Color']",[u'\nAspect Ratio: 2.20 : 1\n    ']
"[u'\nBudget:        $6,000,000        \n\n      (estimated)\n']","[u'Twentieth Century Fox Film Corporation', u'Campanile Productions', u'Newman-Foreman Company']",[u'Mono'],,"[u'Color', u' Black and White']",[u'\nAspect Ratio: 2.35 : 1\n    ']
"[u'\nBudget:        $5,000,000        \n\n      (estimated)\n']","[u'Rafran Cinematografica', u'Finanzia San Marco', u'Paramount Pictures']","[u'Mono', u'Dolby']",,[u'Color'],[u'\nAspect Ratio: 2.35 : 1\n    ']
"[u'\nBudget:        $2,200,000        \n\n      (estimated)\n']","[u'Warner Bros.', u'Hawk Films']","[u'Dolby Digital', u'Mono']",,"[u' Black and White', u'Color']",[u'\nAspect Ratio: 1.66 : 1\n    ']
"[u'\nBudget:        $6,000,000        \n\n      (estimated)\n']","[u'Paramount Pictures', u'Alfran Productions']","[u'DTS', u'Mono']",,[u'Color'],[u'\nAspect Ratio: 1.85 : 1\n    ']
"[u'\nBudget:        $5,500,000        \n\n      (estimated)\n']","[u'Zanuck/Brown Productions', u'Universal Pictures']",[u'Mono'],,[u'Color'],[u'\nAspect Ratio: 1.85 : 1\n    ']
"[u'\nBudget:        $6,000,000        \n\n      (estimated)\n']","[u'Paramount Pictures', u'Penthouse', u'Long Road Productions']",[u'Mono'],,[u'Color'],[u'\nAspect Ratio: 2.35 : 1\n    ']
"[u'\nBudget:        $13,000,000        \n\n      (estimated)\n']","[u'Paramount Pictures', u'The Coppola Company']",[u'Mono'],,[u'Color'],[u'\nAspect Ratio: 1.85 : 1\n    ']
"[u'\nBudget:        \xa3229,575        \n\n      (estimated)\n']","[u'Michael White Productions', u'National Film Trustee Company', u'Python (Monty) Pictures']","[u'Dolby Digital', u'Mono']",,[u'Color'],[u'\nAspect Ratio: 1.66 : 1\n    ']
"[u'\nBudget:        $11,000,000        \n\n      (estimated)\n']","[u'Peregrine', u'Hawk Films', u'Warner Bros.']",[u'Mono'],,"[u'Color', u'Color']",[u'\nAspect Ratio: 1.66 : 1\n    ']
"[u'\nBudget:        $1,800,000        \n\n      (estimated)\n']","[u'Warner Bros.', u'Artists Entertainment Complex']",[u'Mono'],,[u'Color'],[u'\nAspect Ratio: 1.33 : 1\n    ']
"[u'\nBudget:        $8,000,000        \n\n      (estimated)\n']","[u'Zanuck/Brown Productions', u'Universal Pictures']","[u'Mono', u'Dolby Digital', u'DTS', u'Dolby Surround 7.1']",,[u'Color'],[u'\nAspect Ratio: 2.35 : 1\n    ']
"[u'\nBudget:        $4,400,000        \n\n      (estimated)\n']",[u'Fantasy Films'],[u'Mono'],,[u'Color'],[u'\nAspect Ratio: 1.85 : 1\n    ']
[],"[u'United Producers', u'Sippy Films', u'Sholay Media & Entertainment']","[u'70 mm 6-Track', u'Mono', u'Mono']",,[u'Color'],[u'\nAspect Ratio: 1.37 : 1\n    ']
"[u'\nBudget:        $10,000,000        \n\n      (estimated)\n']",[u'Filmco International Productions'],"[u'4-Track Stereo', u'Mono']",,[u'Color'],[u'\nAspect Ratio: 2.35 : 1\n    ']
"[u'\nBudget:        $3,800,000        \n\n      (estimated)\n']",[u'Metro-Goldwyn-Mayer (MGM)'],[u'Mono'],,[u'Color'],[u'\nAspect Ratio: 1.85 : 1\n    ']
"[u'\nBudget:        $960,000        \n\n      (estimated)\n']",[u'Chartoff-Winkler Productions'],[u'Mono'],,[u'Color'],[u'\nAspect Ratio: 1.33 : 1\n    ']
"[u'\nBudget:        $1,300,000        \n\n      (estimated)\n']","[u'Columbia Pictures Corporation', u'Columbia Pictures', u'Bill/Phillips']","[u'Dolby SR', u'Stereo']",,[u'Color'],[u'\nAspect Ratio: 1.85 : 1\n    ']
"[u'\nBudget:        $4,000,000        \n\n      (estimated)\n']",[u'Rollins-Joffe Productions'],[u'Mono'],,[u'Color'],[u'\nAspect Ratio: 1.37 : 1\n    ']
"[u'\nBudget:        $11,000,000        \n\n      (estimated)\n']","[u'Lucasfilm', u'Twentieth Century Fox Film Corporation']","[u'70 mm 6-Track', u'Dolby', u'DTS-Stereo', u'Dolby Digital', u'SDDS', u'Mono']",,[u'Color'],[u'\nAspect Ratio: 2.35 : 1\n    ']
"[u'\nBudget:        $15,000,000        \n\n      (estimated)\n']","[u'EMI Films', u'Universal Pictures']","[u'70 mm 6-Track', u'Dolby Stereo']",,[u'Color'],[u'\nAspect Ratio: 2.35 : 1\n    ']
"[u'\nBudget:        $11,000,000        \n\n      (estimated)\n']","[u'Brandywine Productions', u'Twentieth Century-Fox Productions']","[u'70 mm 6-Track', u'Dolby']",,"[u'Color', u'Color']",[u'\nAspect Ratio: 2.35 : 1\n    ']
"[u'\nBudget:        $31,500,000        \n\n      (estimated)\n']","[u'Zoetrope Studios', u'Zoetrope Studios']","[u'70 mm 6-Track', u'Dolby Digital', u'Dolby', u'DTS']",,"[u'Color', u'Color']",[u'\nAspect Ratio: 2.35 : 1\n    ']
"[u'\nBudget:        $4,000,000        \n\n      (estimated)\n']","[u'HandMade Films', u'Python (Monty) Pictures']",[u'Dolby Stereo'],,[u'Color'],[u'\nAspect Ratio: 1.85 : 1\n    ']
"[u'\nBudget:        RUR\xa06,000,000        \n\n      (estimated)\n']","[u'Mosfilm', u'Vtoroe Tvorcheskoe Obedinenie']",[u'Mono'],,"[u'Color', u' Black and White', u'Color']",[u'\nAspect Ratio: 1.37 : 1\n    ']
"[u'\nBudget:        $5,000,000        \n\n      (estimated)\n']",[u'Brooksfilms'],[u'Dolby'],,[u' Black and White'],[u'\nAspect Ratio: 2.35 : 1\n    ']
"[u'\nBudget:        $18,000,000        \n\n      (estimated)\n']",[u'Lucasfilm'],"[u'70 mm 6-Track', u'Dolby Stereo', u'Dolby Digital EX', u'DTS-ES']",,[u'Color'],[u'\nAspect Ratio: 2.35 : 1\n    ']
"[u'\nBudget:        $18,000,000        \n\n      (estimated)\n']",[u'Chartoff-Winkler Productions'],[u'Dolby'],,"[u' Black and White', u'Color']",[u'\nAspect Ratio: 1.85 : 1\n    ']
"[u'\nBudget:        $19,000,000        \n\n      (estimated)\n']","[u'Warner Bros.', u'Hawk Films', u'Peregrine']",[u'Mono'],,[u'Color'],[u'\nAspect Ratio: 1.85 : 1\n    ']
"[u'\nBudget:        $14,000,000        \n\n      (estimated)\n']","[u'Bavaria Film', u'Radiant Film GmbH', u'S\xfcddeutscher Rundfunk (SDR)']","[u'Dolby Digital', u'Dolby', u'SDDS']",,[u'Color'],[u'\nAspect Ratio: 1.85 : 1\n    ']
"[u'\nBudget:        $18,000,000        \n\n      (estimated)\n']","[u'Paramount Pictures', u'Lucasfilm']","[u'70 mm 6-Track', u'Dolby']",,[u'Color'],[u'\nAspect Ratio: 2.35 : 1\n    ']
"[u'\nBudget:        $28,000,000        \n\n      (estimated)\n']","[u'Ladd Company, The', u'Shaw Brothers', u'Warner Bros.']","[u'70 mm 6-Track', u'Dolby Stereo']",,[u'Color'],[u'\nAspect Ratio: 2.35 : 1\n    ']
"[u'\nBudget:        $22,000,000        \n\n      (estimated)\n']","[u'International Film Investors', u'National Film Development Corporation of India (NFDC)', u'Goldcrest Films International']","[u'Dolby', u'70 mm 6-Track']",,"[u' Black and White', u'Color']",[u'\nAspect Ratio: 2.35 : 1\n    ']
"[u'\nBudget:        $15,000,000        \n\n      (estimated)\n']","[u'Universal Pictures', u'Turman-Foster Company']","[u'Dolby Stereo', u'70 mm 6-Track']",,[u'Color'],[u'\nAspect Ratio: 2.35 : 1\n    ']
"[u'\nBudget:        $32,500,000        \n\n      (estimated)\n']",[u'Lucasfilm'],"[u'70 mm 6-Track', u'Dolby', u'DTS', u'Dolby Digital', u'SDDS', u'Dolby Digital EX', u'DTS-ES']",,[u'Color'],[u'\nAspect Ratio: 2.35 : 1\n    ']
"[u'\nBudget:        $25,000,000        \n\n      (estimated)\n']",[u'Universal Pictures'],[u'4-Track Stereo'],,[u'Color'],[u'\nAspect Ratio: 2.35 : 1\n    ']
"[u'\nBudget:        $18,000,000        \n\n      (estimated)\n']","[u'AMLF', u'The Saul Zaentz Company']","[u'70 mm 6-Track', u'Dolby Digital', u'Dolby']",,[u'Color'],[u'\nAspect Ratio: 2.35 : 1\n    ']
"[u'\nBudget:        $1,000,000        \n\n      (estimated)\n']","[u'Nibariki', u'Tokuma Shoten', u'Hakuhodo']",[u'Mono'],,[u'Color'],[u'\nAspect Ratio: 1.85 : 1\n    ']
"[u'\nBudget:        $30,000,000        \n\n      (estimated)\n']","[u'Ladd Company, The', u'Embassy International Pictures', u'Producers Sales Organization (PSO)']",[u'Mono'],,[u'Color'],[u'\nAspect Ratio: 1.85 : 1\n    ']
"[u'\nBudget:        $6,400,000        \n\n      (estimated)\n']","[u'Hemdale', u'Pacific Western', u'Euro Film Funding']","[u'Mono', u'Dolby', u'DTS']",,[u'Color'],[u'\nAspect Ratio: 1.85 : 1\n    ']
"[u'\nBudget:        $19,000,000        \n\n      (estimated)\n']","[u'Universal Pictures', u'Amblin Entertainment', u'U-Drive Productions']","[u'70 mm 6-Track', u'Dolby']",,[u'Color'],[u'\nAspect Ratio: 1.37 : 1\n    ']
"[u'\nBudget:        $11,500,000        \n\n      (estimated)\n']","[u'Greenwich Film Productions', u'Herald Ace', u'Nippon Herald Films']","[u'Dolby', u'70 mm 6-Track']",,[u'Color'],[u'\nAspect Ratio: 1.85 : 1\n    ']
"[u'\nBudget:        $18,500,000        \n\n      (estimated)\n']","[u'Twentieth Century Fox Film Corporation', u'Brandywine Productions', u'SLM Production Group']","[u'70 mm 6-Track', u'Dolby']",,[u'Color'],[u'\nAspect Ratio: 1.85 : 1\n    ']
[],"[u'Belarusfilm', u'Mosfilm']",[u'Stereo'],,"[u' Black and White', u'Color']",[u'\nAspect Ratio: 1.37 : 1\n    ']
"[u'\nBudget:        $6,000,000        \n\n      (estimated)\n']","[u'Hemdale', u'Cinema 86']",[u'Dolby Stereo'],,[u'Color'],[u'\nAspect Ratio: 1.85 : 1\n    ']
"[u'\nBudget:        $8,000,000        \n\n      (estimated)\n']","[u'Columbia Pictures Corporation', u'Act III', u'Act III Communications']",[u'Mono'],,[u'Color'],[u'\nAspect Ratio: 1.85 : 1\n    ']
"[u'\nBudget:        $30,000,000        \n\n      (estimated)\n']","[u'Natant', u'Stanley Kubrick Productions', u'Warner Bros.']",[u'Mono'],,[u'Color'],[u'\nAspect Ratio: 1.85 : 1\n    ']
"[u'\nBudget:        $16,000,000        \n\n      (estimated)\n']","[u'Act III Communications', u'Buttercup Films Ltd.', u'The Princess Bride Ltd.']",[u'Dolby'],,[u'Color'],[u'\nAspect Ratio: 1.85 : 1\n    ']
"[u'\nBudget:        $28,000,000        \n\n      (estimated)\n']","[u'Twentieth Century Fox Film Corporation', u'Gordon Company', u'Silver Pictures']","[u'70 mm 6-Track', u'Dolby Stereo']",,[u'Color'],[u'\nAspect Ratio: 2.35 : 1\n    ']
"[u'\nBudget:        $3,700,000        \n\n      (estimated)\n']","[u'Shinchosha Company', u'Studio Ghibli']","[u'Mono', u'Dolby']",,[u'Color'],[u'\nAspect Ratio: 1.85 : 1\n    ']
"[u'\nBudget:        $5,000,000        \n\n      (estimated)\n']","[u'Cristaldifilm', u'Les Films Ariane', u'Rai 3']",[u'Dolby'],,[u'Color'],[u'\nAspect Ratio: 1.66 : 1\n    ']
"[u'\nBudget:        $3,700,000        \n\n      (estimated)\n']","[u'Tokuma Japan Communications', u'Studio Ghibli', u'Nibariki']",[u'Dolby'],,[u'Color'],[u'\nAspect Ratio: 1.85 : 1\n    ']
"[u'\nBudget:        $48,000,000        \n\n      (estimated)\n']","[u'Paramount Pictures', u'Lucasfilm']","[u'70 mm 6-Track', u'Dolby']",,[u'Color'],[u'\nAspect Ratio: 2.35 : 1\n    ']
"[u'\nBudget:        $25,000,000        \n\n      (estimated)\n']",[u'Warner Bros.'],[u'Dolby SR'],,[u'Color'],[u'\nAspect Ratio: 1.85 : 1\n    ']
"[u'\nBudget:        $19,000,000        \n\n      (estimated)\n']","[u'Strong Heart/Demme Production', u'Orion Pictures']",[u'Dolby SR'],,[u'Color'],[u'\nAspect Ratio: 1.85 : 1\n    ']
"[u'\nBudget:        $102,000,000        \n\n      (estimated)\n']","[u'Carolco Pictures', u'Pacific Western', u'Lightstorm Entertainment']","[u'70 mm 6-Track', u'CDS', u'Dolby SR', u'Dolby Stereo', u'Mono', u'Auro 11.1', u'Dolby Atmos', u'Dolby Digital']",,[u'Color'],[u'\nAspect Ratio: 2.35 : 1\n    ']
"[u'\nBudget:        $1,200,000        \n\n      (estimated)\n']","[u'Live Entertainment', u'Dog Eat Dog Productions Inc.']",[u'Dolby Stereo'],,[u'Color'],[u'\nAspect Ratio: 2.35 : 1\n    ']
"[u'\nBudget:        $14,400,000        \n\n      (estimated)\n']","[u'Warner Bros.', u'Malpaso Productions']",[u'Dolby'],,[u'Color'],[u'\nAspect Ratio: 2.35 : 1\n    ']
"[u'\nBudget:        $14,600,000        \n\n      (estimated)\n']",[u'Columbia Pictures Corporation'],[u'Dolby SR'],,[u'Color'],[u'\nAspect Ratio: 1.85 : 1\n    ']
"[u'\nBudget:        $13,000,000        \n\n      (estimated)\n']","[u""Hell's Kitchen Films"", u'Universal Pictures']","[u'Dolby', u'DTS']",,[u'Color'],[u'\nAspect Ratio: 1.85 : 1\n    ']
"[u'\nBudget:        $63,000,000        \n\n      (estimated)\n']","[u'Universal Pictures', u'Amblin Entertainment']","[u'Dolby', u'DTS']",,[u'Color'],[u'\nAspect Ratio: 1.85 : 1\n    ']
"[u'\nBudget:        $22,000,000        \n\n      (estimated)\n']","[u'Universal Pictures', u'Amblin Entertainment']","[u'DTS', u'DTS-Stereo']",,"[u' Black and White', u'Color']",[u'\nAspect Ratio: 1.85 : 1\n    ']
[],[u'Vinay Pictures'],[],,[u'Color'],[]
"[u'\nBudget:        $55,000,000        \n\n      (estimated)\n']",[u'Paramount Pictures'],"[u'DTS', u'Dolby Digital']",,"[u' Black and White', u'Color']",[u'\nAspect Ratio: 2.35 : 1\n    ']
"[u'\nBudget:        $45,000,000        \n\n      (estimated)\n']","[u'Walt Disney Pictures', u'Walt Disney Feature Animation']","[u'Dolby SR', u'Dolby Digital']",,[u'Color'],[u'\nAspect Ratio: 1.66 : 1\n    ']
"[u'\nBudget:        FRF\xa0115,000,000        \n\n      (estimated)\n']","[u'Gaumont', u'Les Films du Dauphin']","[u'Dolby Digital', u'SDDS']",,[u'Color'],[u'\nAspect Ratio: 2.35 : 1\n    ']
"[u'\nBudget:        $8,000,000        \n\n      (estimated)\n']","[u'Miramax', u'A Band Apart', u'Jersey Films']",[u'Dolby Digital'],,[u'Color'],[u'\nAspect Ratio: 2.35 : 1\n    ']
"[u'\nBudget:        $25,000,000        \n\n      (estimated)\n']",[u'Castle Rock Entertainment'],[u'Dolby Digital'],,[u'Color'],[u'\nAspect Ratio: 1.85 : 1\n    ']
"[u'\nBudget:        $2,500,000        \n\n      (estimated)\n']","[u'Castle Rock Entertainment', u'Detour Filmproduction', u'Filmhaus Wien Universa Filmproduktions']",[u'Dolby SR'],,[u'Color'],[u'\nAspect Ratio: 1.85 : 1\n    ']
"[u'\nBudget:        $72,000,000        \n\n      (estimated)\n']","[u'Icon Entertainment International', u'Ladd Company, The', u'B.H. Finance C.V.']","[u'DTS', u'Dolby Digital']",,[u'Color'],[u'\nAspect Ratio: 2.35 : 1\n    ']
"[u'\nBudget:        $52,000,000        \n\n      (estimated)\n']","[u'Universal Pictures', u'Syalis DA', u'L\xe9gende Entreprises']","[u'DTS-Stereo', u'DTS']",,[u'Color'],[u'\nAspect Ratio: 2.35 : 1\n    ']
"[u'\nBudget:        \u20ac2,590,000        \n\n      (estimated)\n']","[u'Canal+', u'Cofinergie 6', u'Egg Pictures']",[u'Dolby SR'],,[u' Black and White'],[u'\nAspect Ratio: 1.85 : 1\n    ']
"[u'\nBudget:        $60,000,000        \n\n      (estimated)\n']","[u'Warner Bros.', u'Regency Enterprises', u'Forward Pass']","[u'Dolby Digital', u'SDDS']",,[u'Color'],[u'\nAspect Ratio: 2.35 : 1\n    ']
"[u'\nBudget:        $33,000,000        \n\n      (estimated)\n']","[u'Cecchi Gori Pictures', u'Juno Pix', u'New Line Cinema']","[u'DTS', u'Dolby Digital']",,[u'Color'],[u'\nAspect Ratio: 2.35 : 1\n    ']
"[u'\nBudget:        $30,000,000        \n\n      (estimated)\n']","[u'Pixar Animation Studios', u'Walt Disney Pictures']",[u'Dolby Digital'],,[u'Color'],[u'\nAspect Ratio: 1.85 : 1\n    ']
"[u'\nBudget:        $29,000,001        \n\n      (estimated)\n']","[u'Universal Pictures', u'Atlas Entertainment', u'Classico']","[u'DTS-Stereo', u'DTS', u'Dolby SR']",,[u'Color'],[u'\nAspect Ratio: 1.85 : 1\n    ']
"[u'\nBudget:        $6,000,000        \n\n      (estimated)\n']","[u'PolyGram Filmed Entertainment', u'Spelling Films International', u'Blue Parrot']",[u'Dolby Digital'],,[u'Color'],[u'\nAspect Ratio: 2.35 : 1\n    ']
"[u'\nBudget:        TRL\xa01,200,000        \n\n      (estimated)\n']","[u'Artcam International', u'Filma-Cass', u'Geopoly']",[],,[],[]
"[u'\nBudget:        $7,000,000        \n\n      (estimated)\n']","[u'PolyGram Filmed Entertainment', u'Working Title Films']",[u'Dolby SR'],,[u'Color'],[u'\nAspect Ratio: 1.85 : 1\n    ']
"[u'\nBudget:        $3,500,000        \n\n      (estimated)\n']","[u'Channel Four Films', u'Figment Films', u'The Noel Gay Motion Picture Company']",[u'Dolby Digital'],,[u'Color'],[u'\nAspect Ratio: 1.85 : 1\n    ']
"[u'\nBudget:        $15,000,000        \n\n      (estimated)\n']","[u'Polygram Filmed Entertainment', u'Working Title Films']","[u'DTS', u'Dolby Digital', u'SDDS']",,[u'Color'],[u'\nAspect Ratio: 1.85 : 1\n    ']
"[u'\nBudget:        $20,000,000        \n\n      (estimated)\n']","[u'Melampo Cinematografica', u'Cecchi Gori Group Tiger Cinematografica']",[u'Dolby Digital'],,[u'Color'],[u'\nAspect Ratio: 1.85 : 1\n    ']
"[u'\nBudget:        $180,000        \n\n      (estimated)\n']",[u'The Institute for the Intellectual Development of Children & Young Adults'],[u'Mono'],,[u'Color'],[u'\nAspect Ratio: 1.85 : 1\n    ']
"[u'\nBudget:        $10,000,000        \n\n      (estimated)\n']","[u'Be Gentlemen Limited Partnership', u'Lawrence Bender Productions', u'Miramax']",[u'Dolby Digital'],,[u'Color'],[u'\nAspect Ratio: 1.85 : 1\n    ']
"[u'\nBudget:        $35,000,000        \n\n      (estimated)\n']","[u'Regency Enterprises', u'Wolper Organization, The', u'Warner Bros.']",[u'Dolby Digital'],,[u'Color'],[u'\nAspect Ratio: 2.35 : 1\n    ']
"[u'\nBudget:        JPY\xa02,400,000,000        \n\n      (estimated)\n']","[u'DENTSU Music And Entertainment', u'Nibariki', u'Nippon Television Network (NTV)']","[u'Dolby Digital', u'Dolby']",,[u'Color'],[u'\nAspect Ratio: 1.85 : 1\n    ']
"[u'\nBudget:        $60,000,000        \n\n      (estimated)\n']","[u'Paramount Pictures', u'Scott Rudin Productions']","[u'DTS', u'Dolby Digital']",,[u'Color'],[u'\nAspect Ratio: 1.85 : 1\n    ']
"[u'\nBudget:        $7,500,000        \n\n      (estimated)\n']","[u'New Line Cinema', u'Savoy Pictures', u'Turman-Morrissey Company, The']","[u'SDDS', u'Dolby Digital', u'DTS']",,"[u' Black and White', u'Color']",[u'\nAspect Ratio: 1.85 : 1\n    ']
"[u'\nBudget:        $60,000,000        \n\n      (estimated)\n']","[u'Castle Rock Entertainment', u'Darkwoods Productions', u'Warner Bros.']","[u'DTS', u'Dolby Digital', u'SDDS']",,[u'Color'],[u'\nAspect Ratio: 1.85 : 1\n    ']
"[u'\nBudget:        \xa3960,000        \n\n      (estimated)\n']","[u'Summit Entertainment', u'Steve Tisch Company, The', u'SKA Films']",[u'Dolby Digital'],,[u'Color'],[u'\nAspect Ratio: 1.85 : 1\n    ']
"[u'\nBudget:        $93,000,000        \n\n      (estimated)\n']","[u'New Line Cinema', u'WingNut Films', u'The Saul Zaentz Company']","[u'DTS-ES', u'Dolby Digital EX', u'SDDS']",,[u'Color'],[u'\nAspect Ratio: 2.35 : 1\n    ']
"[u'\nBudget:        $70,000,000        \n\n      (estimated)\n']","[u'DreamWorks', u'Paramount Pictures', u'Amblin Entertainment']","[u'DTS', u'Dolby Digital', u'SDDS']",,[u'Color'],[u'\nAspect Ratio: 1.85 : 1\n    ']
"[u'\nBudget:        $63,000,000        \n\n      (estimated)\n']","[u'Warner Bros.', u'Village Roadshow Pictures', u'Groucho II Film Partnership']","[u'DTS', u'Dolby Digital', u'SDDS']",,[u'Color'],[u'\nAspect Ratio: 2.35 : 1\n    ']
"[u'\nBudget:        $63,000,000        \n\n      (estimated)\n']","[u'Fox 2000 Pictures', u'Regency Enterprises', u'Linson Films']","[u'Dolby Digital', u'DTS']",,[u'Color'],[u'\nAspect Ratio: 2.35 : 1\n    ']
"[u'\nBudget:        $94,000,000        \n\n      (estimated)\n']","[u'New Line Cinema', u'WingNut Films', u'The Saul Zaentz Company']","[u'DTS-ES', u'Dolby Digital EX', u'SDDS']",,[u'Color'],[u'\nAspect Ratio: 2.35 : 1\n    ']
"[u'\nBudget:        $94,000,000        \n\n      (estimated)\n']","[u'New Line Cinema', u'WingNut Films', u'The Saul Zaentz Company']","[u'DTS-ES', u'Dolby Digital EX', u'SDDS']",,[u'Color'],[u'\nAspect Ratio: 2.35 : 1\n    ']
"[u'\nBudget:        $40,000,000        \n\n      (estimated)\n']","[u'Hollywood Pictures', u'Spyglass Entertainment', u'Kennedy/Marshall Company, The']","[u'DTS', u'Dolby Digital', u'SDDS']",,[u'Color'],[u'\nAspect Ratio: 1.85 : 1\n    ']
"[u'\nBudget:        $15,000,000        \n\n      (estimated)\n']","[u'DreamWorks', u'Jinks/Cohen Company']","[u'DTS', u'Dolby Digital', u'SDDS']",,[u'Color'],[u'\nAspect Ratio: 2.35 : 1\n    ']
"[u'\nBudget:        $103,000,000        \n\n      (estimated)\n']","[u'DreamWorks', u'Universal Pictures', u'Scott Free Productions']","[u'SDDS', u'DTS', u'Dolby Digital']",,[u'Color'],[u'\nAspect Ratio: 2.35 : 1\n    ']
"[u'\nBudget:        $4,500,000        \n\n      (estimated)\n']","[u'Artisan Entertainment', u'Thousand Words', u'Sibling Productions']",[u'Dolby Digital'],,[u'Color'],[u'\nAspect Ratio: 1.37 : 1\n    ']
"[u'\nBudget:        $115,000,000        \n\n      (estimated)\n']","[u'Pixar Animation Studios', u'Walt Disney Pictures']","[u'SDDS', u'Dolby Digital', u'DTS']",,[u'Color'],[u'\nAspect Ratio: 1.85 : 1\n    ']
"[u'\nBudget:        \xa36,000,000        \n\n      (estimated)\n']","[u'Columbia Pictures Corporation', u'SKA Films']","[u'Dolby Digital', u'SDDS']",,[u'Color'],[u'\nAspect Ratio: 1.85 : 1\n    ']
"[u'\nBudget:        $9,000,000        \n\n      (estimated)\n']","[u'Newmarket Capital Group', u'Team Todd', u'I Remember Productions']",[u'Dolby Digital'],,"[u' Black and White', u'Color']",[u'\nAspect Ratio: 2.35 : 1\n    ']
"[u'\nBudget:        FRF\xa077,000,000        \n\n      (estimated)\n']","[u'Claudie Ossard Productions', u'Union G\xe9n\xe9rale Cin\xe9matographique (UGC)', u'Victoires Productions']","[u'DTS', u'Dolby Digital']",,"[u' Black and White', u'Color']",[u'\nAspect Ratio: 2.35 : 1\n    ']
[],[u'A.G. Films'],[u'Dolby Digital'],,[u'Color'],[]
"[u'\nBudget:        $19,000,000        \n\n      (estimated)\n']","[u'Tokuma Shoten', u'Studio Ghibli', u'Nippon Television Network (NTV)']","[u'DTS-ES', u'Dolby Digital EX', u'Dolby', u'Dolby Digital']",,[u'Color'],[u'\nAspect Ratio: 1.85 : 1\n    ']
"[u'\nBudget:        $2,000,000        \n\n      (estimated)\n']","[u'Altavista Films', u'Zeta Film']",[u'Dolby Digital'],,[u'Color'],[u'\nAspect Ratio: 1.85 : 1\n    ']
"[u'\nBudget:        $4,500,000        \n\n      (estimated)\n']","[u'Pandora Cinema', u'Flower Films (II)', u'Adam Fields Productions']",[u'Dolby Digital'],,[u'Color'],[u'\nAspect Ratio: 2.35 : 1\n    ']
"[u'\nBudget:        $35,000,000        \n\n      (estimated)\n']","[u'R.P. Productions', u'Heritage Films', u'Studio Babelsberg']","[u'DTS', u'Dolby Digital']",,"[u' Black and White', u'Color']",[u'\nAspect Ratio: 1.85 : 1\n    ']
"[u'\nBudget:        $52,000,000        \n\n      (estimated)\n']","[u'DreamWorks', u'Kemp Company', u'Splendid Pictures']","[u'DTS', u'Dolby Digital', u'SDDS']",,[u'Color'],[u'\nAspect Ratio: 1.85 : 1\n    ']
"[u'\nBudget:        $94,000,000        \n\n      (estimated)\n']","[u'Pixar Animation Studios', u'Walt Disney Pictures']","[u'DTS-ES', u'Dolby Digital EX', u'SDDS']",,[u'Color'],[u'\nAspect Ratio: 1.85 : 1\n    ']
"[u'\nBudget:        $30,000,000        \n\n      (estimated)\n']","[u'Miramax', u'A Band Apart', u'Super Cool ManChu']","[u'DTS', u'Dolby Digital', u'SDDS']",,"[u' Black and White', u'Color']",[u'\nAspect Ratio: 2.35 : 1\n    ']
"[u'\nBudget:        $58,000,000        \n\n      (estimated)\n']","[u'Universal Pictures', u'DreamWorks', u'Imagine Entertainment']","[u'DTS', u'Dolby Digital', u'SDDS']",,[u'Color'],[u'\nAspect Ratio: 1.85 : 1\n    ']
"[u'\nBudget:        $3,300,000        \n\n      (estimated)\n']","[u'O2 Filmes', u'VideoFilmes', u'Globo Filmes']","[u'Dolby Digital', u'SDDS']",,[u'Color'],[u'\nAspect Ratio: 1.85 : 1\n    ']
"[u'\nBudget:        $140,000,000        \n\n      (estimated)\n']","[u'Walt Disney Pictures', u'Jerry Bruckheimer Films']","[u'Dolby Digital EX', u'SDDS', u'DTS']",,[u'Color'],[u'\nAspect Ratio: 2.35 : 1\n    ']
"[u'\nBudget:        $20,000,000        \n\n      (estimated)\n']","[u'Focus Features', u'Anonymous Content', u'This Is That Productions']","[u'DTS', u'Dolby']",,[u'Color'],[u'\nAspect Ratio: 1.85 : 1\n    ']
"[u'\nBudget:        $6,428,966        \n\n      (estimated)\n']","[u'Media Asia Films', u'Basic Pictures']",[u'Dolby Digital'],,"[u' Black and White', u'Color']",[u'\nAspect Ratio: 2.35 : 1\n    ']
"[u'\nBudget:        $24,000,000        \n\n      (estimated)\n']","[u'Buena Vista Home Entertainment', u'DENTSU Music And Entertainment', u'Mitsubishi']","[u'Dolby Digital EX', u'DTS-ES', u'SDDS']",,[u'Color'],[u'\nAspect Ratio: 1.85 : 1\n    ']
"[u'\nBudget:        $2,800,000        \n\n      (estimated)\n']","[u'CJ Entertainment', u'Muhan Investment', u'Sidus']",[u'Dolby Digital'],,[u'Color'],[u'\nAspect Ratio: 1.85 : 1\n    ']
"[u'\nBudget:        $75,000,000        \n\n      (estimated)\n']","[u'Universal Pictures', u'Weinstein Company, The', u'A Band Apart']","[u'SDDS', u'Dolby Digital', u'DTS']",,[u'Color'],[u'\nAspect Ratio: 2.35 : 1\n    ']
"[u'\nBudget:        \u20ac13,500,000        \n\n      (estimated)\n']","[u'Constantin Film Produktion', u'Norddeutscher Rundfunk (NDR)', u'Westdeutscher Rundfunk (WDR)']","[u'Dolby Digital', u'DTS']",,[u'Color'],[u'\nAspect Ratio: 1.85 : 1\n    ']
"[u'\nBudget:        $3,000,000        \n\n      (estimated)\n']","[u'Egg Films', u'Show East']",[u'Dolby Digital'],,[u'Color'],[u'\nAspect Ratio: 2.35 : 1\n    ']
"[u'\nBudget:        $150,000,000        \n\n      (estimated)\n']","[u'Warner Bros.', u'Syncopy', u'DC Comics']","[u'DTS', u'Dolby Digital', u'SDDS', u'Sonics-DDP']",,[u'Color'],[u'\nAspect Ratio: 2.35 : 1\n    ']
[],[u'Vinod Chopra Productions'],[u'Dolby Digital'],,[u'Color'],[u'\nAspect Ratio: 2.35 : 1\n    ']
"[u'\nBudget:        $17,500,000        \n\n      (estimated)\n']","[u'United Artists', u'Lions Gate Films', u'Industrial Development Corporation of South Africa']","[u'DTS', u'Dolby Digital']",,[u'Color'],[u'\nAspect Ratio: 2.35 : 1\n    ']
"[u'\nBudget:        $2,000,000        \n\n      (estimated)\n']","[u'Wiedemann & Berg Filmproduktion', u'Bayerischer Rundfunk (BR)', u'Arte']",[u'Dolby Digital'],,[u'Color'],[u'\nAspect Ratio: 2.35 : 1\n    ']
"[u'\nBudget:        $30,000,000        \n\n      (estimated)\n']","[u'Warner Bros.', u'Lakeshore Entertainment', u'Malpaso Productions']","[u'DTS', u'Dolby Digital', u'SDDS']",,[u'Color'],[u'\nAspect Ratio: 2.35 : 1\n    ']
[],"[u'ROMP', u'UTV Motion Pictures']","[u'DTS', u'Dolby Digital EX']",,[u'Color'],[u'\nAspect Ratio: 2.35 : 1\n    ']
"[u'\nBudget:        $90,000,000        \n\n      (estimated)\n']","[u'Warner Bros.', u'Plan B Entertainment', u'Initial Entertainment Group (IEG)']","[u'Dolby Digital', u'SDDS', u'DTS']",,[u'Color'],[u'\nAspect Ratio: 2.35 : 1\n    ']
"[u'\nBudget:        $54,000,000        \n\n      (estimated)\n']","[u'Warner Bros.', u'Virtual Studios', u'Silver Pictures']","[u'DTS', u'Dolby Digital', u'SDDS', u'Sonics-DDP']",,[u'Color'],[u'\nAspect Ratio: 2.35 : 1\n    ']
"[u'\nBudget:        $200,000,000        \n\n      (estimated)\n']","[u'Walt Disney Pictures', u'Pixar Animation Studios']","[u'DTS', u'Dolby Digital EX', u'SDDS', u'Sonics-DDP', u'Dolby']",,[u'Color'],[u'\nAspect Ratio: 1.85 : 1\n    ']
"[u'\nBudget:        $110,000,000        \n\n      (estimated)\n']","[u'Universal Pictures', u'Motion Picture BETA Produktionsgesellschaft', u'Kennedy/Marshall Company, The']","[u'DTS', u'Dolby Digital', u'SDDS']",,[u'Color'],[u'\nAspect Ratio: 2.35 : 1\n    ']
"[u'\nBudget:        \u20ac13,500,000        \n\n      (estimated)\n']","[u'Estudios Picasso', u'Tequila Gang', u'Esperanto Filmoj']","[u'DTS', u'Dolby Digital', u'SDDS']",,[u'Color'],[u'\nAspect Ratio: 1.85 : 1\n    ']
"[u'\nBudget:        $185,000,000        \n\n      (estimated)\n']","[u'Warner Bros.', u'Legendary Entertainment', u'Syncopy']","[u'Dolby Digital', u'SDDS', u'DTS']",,[u'Color'],[u'\nAspect Ratio: 2.35 : 1\n    ']
"[u'\nBudget:        $25,000,000        \n\n      (estimated)\n']","[u'Paramount Vantage', u'Miramax', u'Ghoulardi Film Company']","[u'SDDS', u'Dolby Digital', u'DTS']",,[u'Color'],[u'\nAspect Ratio: 2.35 : 1\n    ']
[],[u'Avsar Film'],[],,[u'Color'],[]
"[u'\nBudget:        $25,000,000        \n\n      (estimated)\n']","[u'Paramount Vantage', u'Miramax', u'Scott Rudin Productions']","[u'SDDS', u'Dolby Digital', u'DTS']",,[u'Color'],[u'\nAspect Ratio: 2.35 : 1\n    ']
"[u'\nBudget:        $40,000,000        \n\n      (estimated)\n']","[u'Touchstone Pictures', u'Warner Bros.', u'Newmarket Productions']","[u'SDDS', u'Dolby Digital', u'DTS']",,[u'Color'],[u'\nAspect Ratio: 2.35 : 1\n    ']
"[u'\nBudget:        $15,000,000        \n\n      (estimated)\n']","[u'Paramount Vantage', u'Art Linson Productions', u'Into the Wild']","[u'DTS', u'Dolby Digital', u'SDDS']",,[u'Color'],[u'\nAspect Ratio: 2.35 : 1\n    ']
"[u'\nBudget:        $165,000,000        \n\n      (estimated)\n']","[u'Paramount Pictures', u'Warner Bros.', u'Legendary Entertainment']","[u'Datasat', u'Dolby Digital', u'IMAX 6-Track']",,[u'Color'],[u'\nAspect Ratio: 2.35 : 1\n    ']
"[u'\nBudget:        $165,000,000        \n\n      (estimated)\n']","[u'DreamWorks Animation', u'Mad Hatter Entertainment', u'Vertigo Entertainment']","[u'Dolby Digital', u'DTS', u'SDDS']",,[u'Color'],[u'\nAspect Ratio: 2.35 : 1\n    ']
"[u'\nBudget:        $180,000,000        \n\n      (estimated)\n']","[u'Pixar Animation Studios', u'Walt Disney Pictures']","[u'DTS-ES', u'SDDS', u'Dolby Digital EX']",,[u'Color'],[u'\nAspect Ratio: 2.35 : 1\n    ']
"[u'\nBudget:        AUD\xa08,240,000        \n\n      (estimated)\n']",[u'Melodrama Pictures'],[u'Dolby Digital'],,"[u'Color', u' Black and White']",[u'\nAspect Ratio: 1.85 : 1\n    ']
[],"[u'Aamir Khan Productions', u'PVR Pictures']","[u'DTS', u'Dolby Digital']",,[u'Color'],[u'\nAspect Ratio: 2.35 : 1\n    ']
"[u'\nBudget:        $100,000,000        \n\n      (estimated)\n']","[u'Red Granite Pictures', u'Appian Way', u'Sikelia Productions']","[u'Datasat', u'Dolby Digital']",,[u'Color'],[u'\nAspect Ratio: 2.35 : 1\n    ']
"[u'\nBudget:        $16,000,000        \n\n      (estimated)\n']","[u'Stage 6 Films', u'Inferno Distribution', u'Hachiko']","[u'DTS', u'Dolby Digital', u'SDDS']",,[u'Color'],[u'\nAspect Ratio: 1.85 : 1\n    ']
"[u'\nBudget:        $175,000,000        \n\n      (estimated)\n']","[u'Pixar Animation Studios', u'Walt Disney Pictures']","[u'SDDS', u'Dolby Digital EX', u'DTS']",,[u'Color'],[u'\nAspect Ratio: 1.85 : 1\n    ']
"[u'\nBudget:        $80,000,000        \n\n      (estimated)\n']","[u'Paramount Pictures', u'Phoenix Pictures', u'Sikelia Productions']","[u'SDDS', u'Dolby Digital', u'DTS']",,[u'Color'],[u'\nAspect Ratio: 2.35 : 1\n    ']
"[u'\nBudget:        INR\xa0550,000,000        \n\n      (estimated)\n']",[u'Vinod Chopra Productions'],[u'Dolby Digital'],,[u'Color'],[u'\nAspect Ratio: 2.35 : 1\n    ']
"[u'\nBudget:        $125,000,000        \n\n      (estimated)\n']","[u'Warner Bros.', u'Heyday Films', u'Moving Picture Company (MPC)']","[u'Dolby Digital', u'DTS', u'Dolby', u'SDDS']",,[u'Color'],[u'\nAspect Ratio: 2.35 : 1\n    ']
"[u'\nBudget:        $33,000,000        \n\n      (estimated)\n']","[u'Matten Productions', u'Double Nickel Entertainment', u'Gerber Pictures']","[u'DTS', u'Dolby Digital', u'SDDS']",,[u'Color'],[u'\nAspect Ratio: 2.35 : 1\n    ']
"[u'\nBudget:        $6,800,000        \n\n      (estimated)\n']","[u'micro_scope', u'TS Productions', u'Phi Group']",[u'Dolby Digital'],,[u'Color'],[u'\nAspect Ratio: 1.85 : 1\n    ']
[],"[u'Anjum Rizvi Film Company', u'Friday Filmworks', u'UTV Motion Pictures']",[u'Dolby Digital'],,[u'Color'],[]
"[u'\nBudget:        $25,000,000        \n\n      (estimated)\n']","[u'Lionsgate', u'Mimran Schur Pictures', u'Solaris']","[u'Dolby Digital', u'Datasat', u'SDDS']",,[u'Color'],[u'\nAspect Ratio: 2.35 : 1\n    ']
"[u'\nBudget:        $2,000,000        \n\n      (estimated)\n']","[u'Tornasol Films', u'Haddock Films', u'100 Bares']",[u'Dolby Digital'],,[u'Color'],[u'\nAspect Ratio: 2.35 : 1\n    ']
"[u'\nBudget:        $250,000,000        \n\n      (estimated)\n']","[u'Warner Bros.', u'Legendary Entertainment', u'DC Entertainment']","[u'SDDS', u'Datasat', u'Dolby Digital']",,[u'Color'],[u'\nAspect Ratio: 2.35 : 1\n    ']
"[u'\nBudget:        $160,000,000        \n\n      (estimated)\n']","[u'Warner Bros.', u'Legendary Entertainment', u'Syncopy']","[u'Dolby Digital', u'DTS', u'SDDS']",,[u'Color'],[u'\nAspect Ratio: 2.35 : 1\n    ']
"[u'\nBudget:        $150,000,000        \n\n      (estimated)\n']","[u'Warner Bros. Pictures', u'Warner Bros. Pictures', u'Village Roadshow Pictures']","[u'Dolby Digital', u'Datasat', u'SDDS', u'Dolby Atmos']",,[u'Color'],[u'\nAspect Ratio: 2.35 : 1\n    ']
"[u'\nBudget:        $46,000,000        \n\n      (estimated)\n']","[u'Alcon Entertainment', u'8:38 Productions', u'Madhouse Entertainment']","[u'SDDS', u'Datasat', u'Dolby Digital']",,[u'Color'],[u'\nAspect Ratio: 1.85 : 1\n    ']
"[u'\nBudget:        $25,000,000        \n\n      (estimated)\n']","[u'DreamWorks', u'Reliance Entertainment', u'Participant Media']","[u'Dolby Digital', u'SDDS', u'Datasat']",,[u'Color'],[u'\nAspect Ratio: 1.85 : 1\n    ']
"[u'\nBudget:        \u20ac9,500,000        \n\n      (estimated)\n']","[u'Quad Productions', u'Ten Films', u'Canal+']",[u'Dolby Digital'],,[u'Color'],[u'\nAspect Ratio: 1.85 : 1\n    ']
"[u'\nBudget:        $500,000        \n\n      (estimated)\n']","[u'Asghar Farhadi Productions', u'Dreamlab Films', u'MPA APSA Academy Film Fund']",[u'Dolby SR'],,[u'Color'],[u'\nAspect Ratio: 1.85 : 1\n    ']
"[u'\nBudget:        $100,000,000        \n\n      (estimated)\n']","[u'Weinstein Company, The', u'Columbia Pictures']","[u'SDDS', u'Datasat', u'Dolby Digital']",,[u'Color'],[u'\nAspect Ratio: 2.35 : 1\n    ']
"[u'\nBudget:        $20,000,000        \n\n      (estimated)\n']","[u'Participant Media', u'First Look Media', u'Anonymous Content']",[u'Dolby Digital'],,[u'Color'],[u'\nAspect Ratio: 1.85 : 1\n    ']
"[u'\nBudget:        INR\xa0184,000,000        \n\n      (estimated)\n']","[u'Jar Pictures', u'AKFPL', u'Bohra Bros Productions']","[u'Dolby Digital', u'Datasat']",,[u'Color'],[u'\nAspect Ratio: 2.35 : 1\n    ']
"[u'\nBudget:        $38,000,000        \n\n      (estimated)\n']","[u'Exclusive Media Group', u'Cross Creek Pictures', u'Imagine Entertainment']","[u'Dolby Digital', u'Datasat', u'SDDS']",,[u'Color'],[u'\nAspect Ratio: 2.35 : 1\n    ']
"[u'\nBudget:        $20,000,000        \n\n      (estimated)\n']","[u'Regency Enterprises', u'River Road Entertainment', u'Plan B Entertainment']",[u'Dolby'],,[u'Color'],[u'\nAspect Ratio: 2.35 : 1\n    ']
"[u'\nBudget:        $14,000,000        \n\n      (estimated)\n']","[u'Black Bear Pictures', u'Bristol Automotive']",[u'Dolby Digital'],,"[u'Color', u' Black and White']",[u'\nAspect Ratio: 2.35 : 1\n    ']
"[u'\nBudget:        $175,000,000        \n\n      (estimated)\n']","[u'Pixar Animation Studios', u'Walt Disney Pictures']","[u'Dolby Digital', u'Datasat', u'Dolby Atmos']",,[u'Color'],[u'\nAspect Ratio: 1.85 : 1\n    ']
"[u'\nBudget:        $3,800,000        \n\n      (estimated)\n']","[u'Danmarks Radio (DR)', u'Det Danske Filminstitut', u'Eurimages']",[u'Dolby Digital'],,[u'Color'],[u'\nAspect Ratio: 2.35 : 1\n    ']
"[u'\nBudget:        $40,000,000        \n\n      (estimated)\n']","[u'Cross Creek Pictures', u'IM Global', u'Icon Productions']","[u'Dolby Digital', u'Dolby Surround 7.1', u'Dolby Atmos']",,[u'Color'],[u'\nAspect Ratio: 2.35 : 1\n    ']
"[u'\nBudget:        $61,000,000        \n\n      (estimated)\n']","[u'Twentieth Century Fox Film Corporation', u'Regency Enterprises', u'TSG Entertainment']",[u'Dolby Digital'],,[u'Color'],[u'\nAspect Ratio: 2.35 : 1\n    ']
"[u'\nBudget:        $25,000,000        \n\n      (estimated)\n']","[u'Fox Searchlight Pictures', u'Indian Paintbrush', u'Studio Babelsberg']","[u'SDDS', u'Datasat', u'Dolby Digital']",,"[u'Color', u' Black and White']",[u'\nAspect Ratio: 1.37 : 1\n    ']
"[u'\nBudget:        $245,000,000        \n\n      (estimated)\n']","[u'Lucasfilm', u'Bad Robot', u'Truenorth Productions']","[u'12-Track Digital Sound', u'Dolby Atmos', u'Dolby Surround 7.1', u'Dolby Digital']",,[u'Color'],[u'\nAspect Ratio: 2.35 : 1\n    ']
"[u'\nBudget:        $3,300,000        \n\n      (estimated)\n']","[u'Bold Films', u'Blumhouse Productions', u'Right of Way Films']","[u'Dolby Digital', u'SDDS', u'Datasat']",,[u'Color'],[u'\nAspect Ratio: 2.40 : 1\n    ']
"[u'\nBudget:        $150,000,000        \n\n      (estimated)\n']","[u'Walt Disney Pictures', u'Walt Disney Animation Studios']",[u'Dolby Atmos'],,[u'Color'],[u'\nAspect Ratio: 2.35 : 1\n    ']
"[u'\nBudget:        $3,300,000        \n\n      (estimated)\n']","[u'Corner Producciones', u'Deseo, El', u'Instituto Nacional de Cine y Artes Audiovisuales (INCAA)']",[u'Dolby Surround 7.1'],,[u'Color'],[u'\nAspect Ratio: 2.35 : 1\n    ']
"[u'\nBudget:        $13,000,000        \n\n      (estimated)\n']","[u'Element Pictures', u'Film 4', u'FilmNation Entertainment']",[u'Dolby Digital'],,[u'Color'],[u'\nAspect Ratio: 2.35 : 1\n    ']
"[u'\nBudget:        $97,000,000        \n\n      (estimated)\n']","[u""Donners' Company"", u'Kinberg Genre', u'Marvel Entertainment']",[u'Dolby Atmos'],,[u'Color'],[u'\nAspect Ratio: 2.35 : 1\n    ']
"[u'\nBudget:        $30,000,000        \n\n      (estimated)\n']","[u'Black Label Media', u'Gilbert Films', u'Impostor Pictures']","[u'Dolby Digital', u'DTS', u'Dolby Atmos']",,[u'Color'],[u'\nAspect Ratio: 2.55 : 1\n    ']
"[u'\nBudget:        $9,400,000        \n\n      (estimated)\n']","[u'Panorama Studios', u'Rajkumar Theaters Private Limited', u'Viacom18 Motion Pictures']",[],,[u'Color'],[]
"[u'\nBudget:        $5,000,000        \n\n      (estimated)\n']","[u'Blumhouse Productions', u'QC Entertainment']",[u'Dolby Digital'],,[u'Color'],[u'\nAspect Ratio: 2.35 : 1\n    ']
"[u'\nBudget:        INR\xa0900,000,000        \n\n      (estimated)\n']","[u'Aamir Khan Productions', u'Walt Disney Pictures']",[],,[u'Color'],[]
